,sink_dist,theta
0,[ 0.79821044],-0.8
1,[ 0.50904769],-0.6
2,[ 0.30206478],-0.4
3,[ 0.19799817],-0.19999999999999996
4,[ 0.16657138],0.0
5,[ 0.19575478],0.19999999999999996
6,[ 0.32487279],0.3999999999999999
7,[ 0.54205674],0.6000000000000001
8,[ 0.79036123],0.8
