,mu,sink_dist
0,0,[ 15.64333916]
1,1,[ 25.89147758]
2,2,[ 54.68958282]
3,3,[ 103.88939667]
4,4,[ 178.62832642]
5,5,[ 278.07910156]
6,6,[ 367.96316528]
7,7,[ 511.70877075]
8,8,[ 671.45941162]
9,9,[ 828.03515625]
10,10,[ nan]
11,11,[ nan]
12,12,[ nan]
13,13,[ nan]
14,14,[ nan]
15,15,[ nan]
16,16,[ nan]
17,17,[ nan]
18,18,[ nan]
19,19,[ nan]
20,20,[ nan]
