,mu,sink_dist
0,0,[ 1175.38830566]
1,1,[ 1765.11218262]
2,2,[ 3567.9753418]
3,3,[ 6598.09814453]
4,4,[ nan]
5,5,[ nan]
6,6,[ nan]
7,7,[ nan]
8,8,[ nan]
9,9,[ nan]
10,10,[ nan]
11,11,[ nan]
12,12,[ nan]
13,13,[ nan]
14,14,[ nan]
15,15,[ nan]
16,16,[ nan]
17,17,[ nan]
18,18,[ nan]
19,19,[ nan]
20,20,[ nan]
