,mu,sink_dist
0,0,[ 1392.64501953]
1,1,[ 2092.71923828]
2,2,[ 4199.32080078]
3,3,[ 7696.14550781]
4,4,[ 12642.00195312]
5,5,[ 18906.54492188]
6,6,[ 26638.32617188]
7,7,[ 35720.296875]
8,8,[ 46274.80859375]
9,9,[ 58279.21484375]
10,10,[ 71316.9375]
11,11,[ 86204.8984375]
12,12,[ 102159.7421875]
13,13,[ 119723.1640625]
14,14,[ 138638.625]
15,15,[ 158878.625]
16,16,[ 180850.390625]
17,17,[ 203662.875]
18,18,[ 228344.65625]
19,19,[ 254094.484375]
20,20,[ 281506.]
