,mu,sink_dist
0,0,[ 49.22000122]
1,1,[ 78.50600433]
2,2,[ 166.98083496]
3,3,[ 321.8397522]
4,4,[ 526.04650879]
5,5,[ 788.45080566]
6,6,[ nan]
7,7,[ nan]
8,8,[ nan]
9,9,[ nan]
10,10,[ nan]
11,11,[ nan]
12,12,[ nan]
13,13,[ nan]
14,14,[ nan]
15,15,[ nan]
16,16,[ nan]
17,17,[ nan]
18,18,[ nan]
19,19,[ nan]
20,20,[ nan]
